{"cameraMode":{"drawMode":0,"name":"Shaded","section":"Shading Mode"},"sceneLighting":false,"audioPlay":false,"sceneViewState":{"showFog":true,"showMaterialUpdate":false,"showSkybox":false,"showFlares":true,"showImageEffects":true,"showParticleSystems":true},"in2DMode":false,"pivot":{"x":7.860000133514404,"y":9.100000381469727,"z":20.799999237060548},"rotation":{"x":0.2733226716518402,"y":0.23643212020397187,"z":-0.06949980556964874,"w":0.9298222064971924},"size":8.929498672485352,"orthographic":false}