{"cameraMode":{"drawMode":0,"name":"Shaded","section":"Shading Mode"},"sceneLighting":true,"audioPlay":false,"sceneViewState":{"showFog":true,"showMaterialUpdate":false,"showSkybox":true,"showFlares":true,"showImageEffects":true,"showParticleSystems":true},"in2DMode":false,"pivot":{"x":27.226604461669923,"y":-229.54466247558595,"z":335.2441711425781},"rotation":{"x":0.30482614040374758,"y":0.028567016124725343,"z":-0.009146683849394322,"w":0.9519425630569458},"size":224.6173553466797,"orthographic":false}